public,Awards,dt_addtosourcecontrol,P ,1,dbo
public,Awards,dt_addtosourcecontrol_u,P ,1,dbo
public,Awards,dt_adduserobject,P ,1,dbo
public,Awards,dt_adduserobject_vcs,P ,1,dbo
public,Awards,dt_checkinobject,P ,1,dbo
public,Awards,dt_checkinobject_u,P ,1,dbo
public,Awards,dt_checkoutobject,P ,1,dbo
public,Awards,dt_checkoutobject_u,P ,1,dbo
public,Awards,dt_displayoaerror,P ,1,dbo
public,Awards,dt_displayoaerror_u,P ,1,dbo
public,Awards,dt_droppropertiesbyid,P ,1,dbo
public,Awards,dt_dropuserobjectbyid,P ,1,dbo
public,Awards,dt_generateansiname,P ,1,dbo
public,Awards,dt_getobjwithprop,P ,1,dbo
public,Awards,dt_getobjwithprop_u,P ,1,dbo
public,Awards,dt_getpropertiesbyid,P ,1,dbo
public,Awards,dt_getpropertiesbyid_u,P ,1,dbo
public,Awards,dt_getpropertiesbyid_vcs,P ,1,dbo
public,Awards,dt_getpropertiesbyid_vcs_u,P ,1,dbo
public,Awards,dt_isundersourcecontrol,P ,1,dbo
public,Awards,dt_isundersourcecontrol_u,P ,1,dbo
public,Awards,dt_removefromsourcecontrol,P ,1,dbo
public,Awards,dt_setpropertybyid,P ,1,dbo
public,Awards,dt_setpropertybyid_u,P ,1,dbo
public,Awards,dt_validateloginparams,P ,1,dbo
public,Awards,dt_validateloginparams_u,P ,1,dbo
public,Awards,dt_vcsenabled,P ,1,dbo
public,Awards,dt_verstamp006,P ,1,dbo
public,Awards,dt_whocheckedout,P ,1,dbo
public,Awards,dt_whocheckedout_u,P ,1,dbo
public,Awards,syscolumns,S ,1,dbo
public,Awards,syscomments,S ,1,dbo
public,Awards,sysdepends,S ,1,dbo
public,Awards,sysfilegroups,S ,1,dbo
public,Awards,sysfiles,S ,1,dbo
public,Awards,sysforeignkeys,S ,1,dbo
public,Awards,sysfulltextcatalogs,S ,1,dbo
public,Awards,sysindexes,S ,1,dbo
public,Awards,sysindexkeys,S ,1,dbo
public,Awards,sysmembers,S ,1,dbo
public,Awards,sysobjects,S ,1,dbo
public,Awards,syspermissions,S ,1,dbo
public,Awards,sysprotects,S ,1,dbo
public,Awards,sysreferences,S ,1,dbo
public,Awards,systypes,S ,1,dbo
public,Awards,sysusers,S ,1,dbo
public,Awards,dtproperties,U ,1,dbo
public,Awards,sysconstraints,V ,1,dbo
public,Awards,syssegments,V ,1,dbo
public,master,fn_chariswhitespace,FN,4,system_function_schema
public,master,fn_escapecmdshellsymbols,FN,4,system_function_schema
public,master,fn_escapecmdshellsymbolsremovequotes,FN,4,system_function_schema
public,master,fn_generateparameterpattern,FN,4,system_function_schema
public,master,fn_isreplmergeagent,FN,1,dbo
public,master,fn_MSgensqescstr,FN,1,dbo
public,master,fn_MSsharedversion,FN,1,dbo
public,master,fn_removeparameterwithargument,FN,4,system_function_schema
public,master,fn_repladjustcolumnmap,FN,4,system_function_schema
public,master,fn_replbitstringtoint,FN,4,system_function_schema
public,master,fn_replcomposepublicationsnapshotfolder,FN,4,system_function_schema
public,master,fn_replgenerateshorterfilenameprefix,FN,4,system_function_schema
public,master,fn_replgetbinary8lodword,FN,4,system_function_schema
public,master,fn_replinttobitstring,FN,4,system_function_schema
public,master,fn_replmakestringliteral,FN,4,system_function_schema
public,master,fn_replprepadbinary8,FN,4,system_function_schema
public,master,fn_replquotename,FN,4,system_function_schema
public,master,fn_replrotr,FN,4,system_function_schema
public,master,fn_repltrimleadingzerosinhexstr,FN,4,system_function_schema
public,master,fn_repluniquename,FN,4,system_function_schema
public,master,fn_serverid,FN,4,system_function_schema
public,master,fn_skipparameterargument,FN,4,system_function_schema
public,master,fn_sqlvarbasetostr,FN,1,dbo
public,master,fn_updateparameterwithargument,FN,4,system_function_schema
public,master,fn_varbintohexstr,FN,1,dbo
public,master,fn_varbintohexsubstring,FN,1,dbo
public,master,MS_sqlctrs_users,P ,1,dbo
public,master,sp_ActiveDirectory_Obj,P ,1,dbo
public,master,sp_ActiveDirectory_SCP,P ,1,dbo
public,master,sp_ActiveDirectory_Start,P ,1,dbo
public,master,sp_addalias,P ,1,dbo
public,master,sp_addapprole,P ,1,dbo
public,master,sp_addarticle,P ,1,dbo
public,master,sp_addextendedproperty,P ,1,dbo
public,master,sp_addgroup,P ,1,dbo
public,master,sp_addlinkedserver,P ,1,dbo
public,master,sp_addlinkedsrvlogin,P ,1,dbo
public,master,sp_addlogin,P ,1,dbo
public,master,sp_addmergealternatepublisher,P ,1,dbo
public,master,sp_addmergearticle,P ,1,dbo
public,master,sp_addmergefilter,P ,1,dbo
public,master,sp_addmergepublication,P ,1,dbo
public,master,sp_addmergepullsubscription,P ,1,dbo
public,master,sp_addmergepullsubscription_agent,P ,1,dbo
public,master,sp_addmergesubscription,P ,1,dbo
public,master,sp_addmessage,P ,1,dbo
public,master,sp_addpublication,P ,1,dbo
public,master,sp_addpublication_snapshot,P ,1,dbo
public,master,sp_addpullsubscription,P ,1,dbo
public,master,sp_addpullsubscription_agent,P ,1,dbo
public,master,sp_addqueued_artinfo,P ,1,dbo
public,master,sp_addremotelogin,P ,1,dbo
public,master,sp_addrole,P ,1,dbo
public,master,sp_addrolemember,P ,1,dbo
public,master,sp_addscriptexec,P ,1,dbo
public,master,sp_addserver,P ,1,dbo
public,master,sp_addsrvrolemember,P ,1,dbo
public,master,sp_addsubscription,P ,1,dbo
public,master,sp_addsynctriggers,P ,1,dbo
public,master,sp_addtabletocontents,P ,1,dbo
public,master,sp_addtype,P ,1,dbo
public,master,sp_addumpdevice,P ,1,dbo
public,master,sp_adduser,P ,1,dbo
public,master,sp_adjustpublisheridentityrange,P ,1,dbo
public,master,sp_altermessage,P ,1,dbo
public,master,sp_approlepassword,P ,1,dbo
public,master,sp_article_validation,P ,1,dbo
public,master,sp_articlecolumn,P ,1,dbo
public,master,sp_articlefilter,P ,1,dbo
public,master,sp_articlesynctranprocs,P ,1,dbo
public,master,sp_articleview,P ,1,dbo
public,master,sp_attach_db,P ,1,dbo
public,master,sp_attach_single_file_db,P ,1,dbo
public,master,sp_attachsubscription,P ,1,dbo
public,master,sp_autostats,P ,1,dbo
public,master,sp_bcp_dbcmptlevel,P ,1,dbo
public,master,sp_bindefault,P ,1,dbo
public,master,sp_bindrule,P ,1,dbo
public,master,sp_blockcnt,P ,1,dbo
public,master,sp_browsemergesnapshotfolder,P ,1,dbo
public,master,sp_browsesnapshotfolder,P ,1,dbo
public,master,sp_catalogs,P ,1,dbo
public,master,sp_catalogs_rowset,P ,1,dbo
public,master,sp_change_subscription_properties,P ,1,dbo
public,master,sp_change_users_login,P ,1,dbo
public,master,sp_changearticle,P ,1,dbo
public,master,sp_changedbowner,P ,1,dbo
public,master,sp_changegroup,P ,1,dbo
public,master,sp_changemergearticle,P ,1,dbo
public,master,sp_changemergefilter,P ,1,dbo
public,master,sp_changemergepublication,P ,1,dbo
public,master,sp_changemergepullsubscription,P ,1,dbo
public,master,sp_changemergesubscription,P ,1,dbo
public,master,sp_changeobjectowner,P ,1,dbo
public,master,sp_changepublication,P ,1,dbo
public,master,sp_changesubscription,P ,1,dbo
public,master,sp_changesubscriptiondtsinfo,P ,1,dbo
public,master,sp_changesubstatus,P ,1,dbo
public,master,sp_check_constbytable_rowset,P ,1,dbo
public,master,sp_check_constraints_rowset,P ,1,dbo
public,master,sp_check_for_sync_trigger,P ,1,dbo
public,master,sp_check_publication_access,P ,1,dbo
public,master,sp_check_sync_trigger,P ,1,dbo
public,master,sp_checknames,P ,1,dbo
public,master,sp_cleanupdbreplication,P ,1,dbo
public,master,sp_column_privileges,P ,1,dbo
public,master,sp_column_privileges_ex,P ,1,dbo
public,master,sp_column_privileges_rowset,P ,1,dbo
public,master,sp_columns,P ,1,dbo
public,master,sp_columns_ex,P ,1,dbo
public,master,sp_columns_rowset,P ,1,dbo
public,master,sp_configure,P ,1,dbo
public,master,sp_convertwebtasks,P ,1,dbo
public,master,sp_copymergesnapshot,P ,1,dbo
public,master,sp_copysnapshot,P ,1,dbo
public,master,sp_copysubscription,P ,1,dbo
public,master,sp_createstats,P ,1,dbo
public,master,sp_cursor_list,P ,1,dbo
public,master,sp_databases,P ,1,dbo
public,master,sp_datatype_info,P ,1,dbo
public,master,sp_dbcmptlevel,P ,1,dbo
public,master,sp_dbfixedrolepermission,P ,1,dbo
public,master,sp_dboption,P ,1,dbo
public,master,sp_ddopen,P ,1,dbo
public,master,sp_defaultdb,P ,1,dbo
public,master,sp_defaultlanguage,P ,1,dbo
public,master,sp_denylogin,P ,1,dbo
public,master,sp_depends,P ,1,dbo
public,master,sp_describe_cursor,P ,1,dbo
public,master,sp_describe_cursor_columns,P ,1,dbo
public,master,sp_describe_cursor_tables,P ,1,dbo
public,master,sp_disableagentoffload,P ,1,dbo
public,master,sp_diskdefault,P ,1,dbo
public,master,sp_distcounters,P ,1,dbo
public,master,sp_dropalias,P ,1,dbo
public,master,sp_dropanonymousagent,P ,1,dbo
public,master,sp_dropapprole,P ,1,dbo
public,master,sp_droparticle,P ,1,dbo
public,master,sp_dropdevice,P ,1,dbo
public,master,sp_dropextendedproperty,P ,1,dbo
public,master,sp_dropgroup,P ,1,dbo
public,master,sp_droplinkedsrvlogin,P ,1,dbo
public,master,sp_droplogin,P ,1,dbo
public,master,sp_dropmergealternatepublisher,P ,1,dbo
public,master,sp_dropmergearticle,P ,1,dbo
public,master,sp_dropmergepublication,P ,1,dbo
public,master,sp_dropmergepullsubscription,P ,1,dbo
public,master,sp_dropmergesubscription,P ,1,dbo
public,master,sp_dropmessage,P ,1,dbo
public,master,sp_droppublication,P ,1,dbo
public,master,sp_droppullsubscription,P ,1,dbo
public,master,sp_dropremotelogin,P ,1,dbo
public,master,sp_droprole,P ,1,dbo
public,master,sp_droprolemember,P ,1,dbo
public,master,sp_dropserver,P ,1,dbo
public,master,sp_dropsrvrolemember,P ,1,dbo
public,master,sp_dropsubscription,P ,1,dbo
public,master,sp_droptype,P ,1,dbo
public,master,sp_dropuser,P ,1,dbo
public,master,sp_enableagentoffload,P ,1,dbo
public,master,sp_enum_oledb_providers,P ,1,dbo
public,master,sp_enumcodepages,P ,1,dbo
public,master,sp_enumcustomresolvers,P ,1,dbo
public,master,sp_enumdsn,P ,1,dbo
public,master,sp_enumerrorlogs,P ,1,dbo
public,master,sp_enumfullsubscribers,P ,1,dbo
public,master,sp_eventlog,P ,1,dbo
public,master,sp_expired_subscription_cleanup,P ,1,dbo
public,master,sp_fallback_MS_sel_fb_svr,P ,1,dbo
public,master,sp_fkeys,P ,1,dbo
public,master,sp_foreign_keys_rowset,P ,1,dbo
public,master,sp_foreignkeys,P ,1,dbo
public,master,sp_fulltext_catalog,P ,1,dbo
public,master,sp_fulltext_column,P ,1,dbo
public,master,sp_fulltext_database,P ,1,dbo
public,master,sp_fulltext_service,P ,1,dbo
public,master,sp_fulltext_table,P ,1,dbo
public,master,sp_generatefilters,P ,1,dbo
public,master,sp_get_distributor,P ,1,dbo
public,master,sp_getagentoffloadinfo,P ,1,dbo
public,master,sp_getapplock,P ,1,dbo
public,master,sp_getarticlepkcolbitmap,P ,1,dbo
public,master,sp_getqueuedrows,P ,1,dbo
public,master,sp_getsubscriptiondtspackagename,P ,1,dbo
public,master,sp_gettypestring,P ,1,dbo
public,master,sp_grant_publication_access,P ,1,dbo
public,master,sp_grantdbaccess,P ,1,dbo
public,master,sp_grantlogin,P ,1,dbo
public,master,sp_help,P ,1,dbo
public,master,sp_help_agent_default,P ,1,dbo
public,master,sp_help_agent_parameter,P ,1,dbo
public,master,sp_help_agent_profile,P ,1,dbo
public,master,sp_help_fulltext_catalogs,P ,1,dbo
public,master,sp_help_fulltext_catalogs_cursor,P ,1,dbo
public,master,sp_help_fulltext_columns,P ,1,dbo
public,master,sp_help_fulltext_columns_cursor,P ,1,dbo
public,master,sp_help_fulltext_tables,P ,1,dbo
public,master,sp_help_fulltext_tables_cursor,P ,1,dbo
public,master,sp_help_publication_access,P ,1,dbo
public,master,sp_helparticle,P ,1,dbo
public,master,sp_helparticlecolumns,P ,1,dbo
public,master,sp_helparticledts,P ,1,dbo
public,master,sp_helpconstraint,P ,1,dbo
public,master,sp_helpdb,P ,1,dbo
public,master,sp_helpdbfixedrole,P ,1,dbo
public,master,sp_helpdevice,P ,1,dbo
public,master,sp_helpdistpublisher,P ,1,dbo
public,master,sp_helpdistributiondb,P ,1,dbo
public,master,sp_helpdistributor,P ,1,dbo
public,master,sp_helpdistributor_properties,P ,1,dbo
public,master,sp_helpextendedproc,P ,1,dbo
public,master,sp_helpfile,P ,1,dbo
public,master,sp_helpfilegroup,P ,1,dbo
public,master,sp_helpgroup,P ,1,dbo
public,master,sp_helpindex,P ,1,dbo
public,master,sp_helplanguage,P ,1,dbo
public,master,sp_helplinkedsrvlogin,P ,1,dbo
public,master,sp_helplog,P ,1,dbo
public,master,sp_helplogins,P ,1,dbo
public,master,sp_helpmergealternatepublisher,P ,1,dbo
public,master,sp_helpmergearticle,P ,1,dbo
public,master,sp_helpmergearticlecolumn,P ,1,dbo
public,master,sp_helpmergecleanupwait,P ,1,dbo
public,master,sp_helpmergefilter,P ,1,dbo
public,master,sp_helpmergepublication,P ,1,dbo
public,master,sp_helpmergepullsubscription,P ,1,dbo
public,master,sp_helpmergesubscription,P ,1,dbo
public,master,sp_helpntgroup,P ,1,dbo
public,master,sp_helppublication,P ,1,dbo
public,master,sp_helppullsubscription,P ,1,dbo
public,master,sp_helpremotelogin,P ,1,dbo
public,master,sp_helpreplfailovermode,P ,1,dbo
public,master,sp_helpreplicationdb,P ,1,dbo
public,master,sp_helpreplicationdboption,P ,1,dbo
public,master,sp_helpreplicationoption,P ,1,dbo
public,master,sp_helprole,P ,1,dbo
public,master,sp_helprolemember,P ,1,dbo
public,master,sp_helprotect,P ,1,dbo
public,master,sp_helpserver,P ,1,dbo
public,master,sp_helpsort,P ,1,dbo
public,master,sp_helpsql,P ,1,dbo
public,master,sp_helpsrvrole,P ,1,dbo
public,master,sp_helpsrvrolemember,P ,1,dbo
public,master,sp_helpstats,P ,1,dbo
public,master,sp_helpsubscriberinfo,P ,1,dbo
public,master,sp_helpsubscription,P ,1,dbo
public,master,sp_helpsubscription_properties,P ,1,dbo
public,master,sp_helptext,P ,1,dbo
public,master,sp_helptrigger,P ,1,dbo
public,master,sp_helpuser,P ,1,dbo
public,master,sp_indexes,P ,1,dbo
public,master,sp_indexes_rowset,P ,1,dbo
public,master,sp_indexoption,P ,1,dbo
public,master,sp_invalidate_textptr,P ,1,dbo
public,master,sp_isarticlecolbitset,P ,1,dbo
public,master,sp_ivindexhasnullcols,P ,1,dbo
public,master,sp_link_publication,P ,1,dbo
public,master,sp_linkedservers,P ,1,dbo
public,master,sp_linkedservers_rowset,P ,1,dbo
public,master,sp_lock,P ,1,dbo
public,master,sp_marksubscriptionvalidation,P ,1,dbo
public,master,sp_mergecleanupmetadata,P ,1,dbo
public,master,sp_mergecompletecleanup,P ,1,dbo
public,master,sp_mergemetadataretentioncleanup,P ,1,dbo
public,master,sp_mergepreparecleanup,P ,1,dbo
public,master,sp_mergesubscription_cleanup,P ,1,dbo
public,master,sp_MS_marksystemobject,P ,1,dbo
public,master,sp_MS_replication_installed,P ,1,dbo
public,master,sp_MSacquireHeadofQueueLock,P ,1,dbo
public,master,sp_MSacquireserverresourcefordynamicsnapshot,P ,1,dbo
public,master,sp_MSacquireSlotLock,P ,1,dbo
public,master,sp_MSactivate_auto_sub,P ,1,dbo
public,master,sp_MSadd_compensating_cmd,P ,1,dbo
public,master,sp_MSadd_mergereplcommand,P ,1,dbo
public,master,sp_MSaddanonymousreplica,P ,1,dbo
public,master,sp_MSaddguidcolumn,P ,1,dbo
public,master,sp_MSaddguidindex,P ,1,dbo
public,master,sp_MSaddinitialarticle,P ,1,dbo
public,master,sp_MSaddinitialpublication,P ,1,dbo
public,master,sp_MSaddinitialschemaarticle,P ,1,dbo
public,master,sp_MSaddinitialsubscription,P ,1,dbo
public,master,sp_MSaddmergedynamicsnapshotjob,P ,1,dbo
public,master,sp_MSaddmergepub_snapshot,P ,1,dbo
public,master,sp_MSaddmergetriggers,P ,1,dbo
public,master,sp_MSaddpubtocontents,P ,1,dbo
public,master,sp_MSadjustmergeidentity,P ,1,dbo
public,master,sp_MSalreadyhavegeneration,P ,1,dbo
public,master,sp_MSarticlecleanup,P ,1,dbo
public,master,sp_MSbelongs,P ,1,dbo
public,master,sp_MSBumpupCompLevel,P ,1,dbo
public,master,sp_MSchange_priority,P ,1,dbo
public,master,sp_MSchange_retention,P ,1,dbo
public,master,sp_MSchangeobjectowner,P ,1,dbo
public,master,sp_MScheck_agent_instance,P ,1,dbo
public,master,sp_MScheck_subscription,P ,1,dbo
public,master,sp_MScheckatpublisher,P ,1,dbo
public,master,sp_MScheckexistsgeneration,P ,1,dbo
public,master,sp_MScheckidentityrange,P ,1,dbo
public,master,sp_MSCheckmergereplication,P ,1,dbo
public,master,sp_MScheckmetadatamatch,P ,1,dbo
public,master,sp_MSchecksnapshotstatus,P ,1,dbo
public,master,sp_MScleanup_metadata,P ,1,dbo
public,master,sp_MScleanup_publication_ADinfo,P ,1,dbo
public,master,sp_MScleanupdynsnapshotvws,P ,1,dbo
public,master,sp_MSCleanupForPullReinit,P ,1,dbo
public,master,sp_MSclearcolumnbit,P ,1,dbo
public,master,sp_MScomputearticlescreationorder,P ,1,dbo
public,master,sp_MScomputemergearticlescreationorder,P ,1,dbo
public,master,sp_MScomputemergeunresolvedrefs,P ,1,dbo
public,master,sp_MScomputeunresolvedrefs,P ,1,dbo
public,master,sp_MScontractsubsnb,P ,1,dbo
public,master,sp_MScreate_sub_tables,P ,1,dbo
public,master,sp_MScreateglobalreplica,P ,1,dbo
public,master,sp_MScreateretry,P ,1,dbo
public,master,sp_MSdbuseraccess,P ,1,dbo
public,master,sp_MSdbuserpriv,P ,1,dbo
public,master,sp_MSdefer_check,P ,1,dbo
public,master,sp_MSdeletecontents,P ,1,dbo
public,master,sp_MSdeletepushagent,P ,1,dbo
public,master,sp_MSdeleteretry,P ,1,dbo
public,master,sp_MSdeletetranconflictrow,P ,1,dbo
public,master,sp_MSdelgenzero,P ,1,dbo
public,master,sp_MSdelrow,P ,1,dbo
public,master,sp_MSdelsubrows,P ,1,dbo
public,master,sp_MSdelsubrowsbatch,P ,1,dbo
public,master,sp_MSdependencies,P ,1,dbo
public,master,sp_MSdroparticleconstraints,P ,1,dbo
public,master,sp_MSdroparticletombstones,P ,1,dbo
public,master,sp_MSdroparticletriggers,P ,1,dbo
public,master,sp_MSdropconstraints,P ,1,dbo
public,master,sp_MSdropdynsnapshotvws,P ,1,dbo
public,master,sp_MSdropfkreferencingarticle,P ,1,dbo
public,master,sp_MSdropmergedynamicsnapshotjob,P ,1,dbo
public,master,sp_MSdropmergepub_snapshot,P ,1,dbo
public,master,sp_MSdropretry,P ,1,dbo
public,master,sp_MSdroptemptable,P ,1,dbo
public,master,sp_MSdummyupdate,P ,1,dbo
public,master,sp_MSenum_replication_agents,P ,1,dbo
public,master,sp_MSenum_replication_job,P ,1,dbo
public,master,sp_MSenum_replqueues,P ,1,dbo
public,master,sp_MSenum_replsqlqueues,P ,1,dbo
public,master,sp_MSenumallpublications,P ,1,dbo
public,master,sp_MSenumallsubscriptions,P ,1,dbo
public,master,sp_MSenumchanges,P ,1,dbo
public,master,sp_MSenumcolumns,P ,1,dbo
public,master,sp_MSenumdeletesmetadata,P ,1,dbo
public,master,sp_MSenumgenerations,P ,1,dbo
public,master,sp_MSenumpartialchanges,P ,1,dbo
public,master,sp_MSenumpartialdeletes,P ,1,dbo
public,master,sp_MSenumpubreferences,P ,1,dbo
public,master,sp_MSenumreplicas,P ,1,dbo
public,master,sp_MSenumretries,P ,1,dbo
public,master,sp_MSenumschemachange,P ,1,dbo
public,master,sp_MSenumschemachange_70,P ,1,dbo
public,master,sp_MSenumschemachange_80,P ,1,dbo
public,master,sp_MSenumsubscriptions,P ,1,dbo
public,master,sp_MSenumthirdpartypublicationvendornames,P ,1,dbo
public,master,sp_MSestimatemergesnapshotworkload,P ,1,dbo
public,master,sp_MSestimatesnapshotworkload,P ,1,dbo
public,master,sp_MSevalsubscriberinfo,P ,1,dbo
public,master,sp_MSexclause,P ,1,dbo
public,master,sp_MSexpandbelongs,P ,1,dbo
public,master,sp_MSexpandnotbelongs,P ,1,dbo
public,master,sp_MSexpandsubsnb,P ,1,dbo
public,master,sp_MSexternalfkreferences,P ,1,dbo
public,master,sp_MSfetchidentityrange,P ,1,dbo
public,master,sp_MSfillupmissingcols,P ,1,dbo
public,master,sp_MSfilterclause,P ,1,dbo
public,master,sp_MSfixlineageversions,P ,1,dbo
public,master,sp_MSfixupbeforeimagetables,P ,1,dbo
public,master,sp_MSforeach_worker,P ,1,dbo
public,master,sp_MSforeachdb,P ,1,dbo
public,master,sp_MSforeachtable,P ,1,dbo
public,master,sp_MSgenreplnickname,P ,1,dbo
public,master,sp_MSget_agent_names,P ,1,dbo
public,master,sp_MSget_attach_state,P ,1,dbo
public,master,sp_MSget_current_activity,P ,1,dbo
public,master,sp_MSget_jobstate,P ,1,dbo
public,master,sp_MSget_load_hint,P ,1,dbo
public,master,sp_MSget_publisher_rpc,P ,1,dbo
public,master,sp_MSget_qualified_name,P ,1,dbo
public,master,sp_MSget_shared_agent,P ,1,dbo
public,master,sp_MSget_subtypedatasrc,P ,1,dbo
public,master,sp_MSget_synctran_commands,P ,1,dbo
public,master,sp_MSgetalertinfo,P ,1,dbo
public,master,sp_MSgetarticlereinitvalue,P ,1,dbo
public,master,sp_MSgetchangecount,P ,1,dbo
public,master,sp_MSgetcolordinalfromcolname,P ,1,dbo
public,master,sp_MSgetcolumnlist,P ,1,dbo
public,master,sp_MSgetconflictinsertproc,P ,1,dbo
public,master,sp_MSgetconflicttablename,P ,1,dbo
public,master,sp_MSgetlastrecgen,P ,1,dbo
public,master,sp_MSgetlastsentgen,P ,1,dbo
public,master,sp_MSgetlastsentrecgens,P ,1,dbo
public,master,sp_MSgetlastupdatedtime,P ,1,dbo
public,master,sp_MSgetmakegenerationapplock,P ,1,dbo
public,master,sp_MSgetmetadatabatch,P ,1,dbo
public,master,sp_MSgetonerow,P ,1,dbo
public,master,sp_MSgetpubinfo,P ,1,dbo
public,master,sp_MSgetreplicainfo,P ,1,dbo
public,master,sp_MSgetreplnick,P ,1,dbo
public,master,sp_MSgetrowmetadata,P ,1,dbo
public,master,sp_MSGetServerProperties,P ,1,dbo
public,master,sp_MSgetsubscriberinfo,P ,1,dbo
public,master,sp_MSgettablecontents,P ,1,dbo
public,master,sp_MSgettools_path,P ,1,dbo
public,master,sp_MSgettrancftsrcrow,P ,1,dbo
public,master,sp_MSgettranconflictname,P ,1,dbo
public,master,sp_MSgettranconflictrow,P ,1,dbo
public,master,sp_MSgetviewcolumnlist,P ,1,dbo
public,master,sp_MShasdbaccess,P ,1,dbo
public,master,sp_MShelp_distdb,P ,1,dbo
public,master,sp_MShelp_identity_property,P ,1,dbo
public,master,sp_MShelp_replication_status,P ,1,dbo
public,master,sp_MShelp_replication_table,P ,1,dbo
public,master,sp_MShelpcolumns,P ,1,dbo
public,master,sp_MShelpconflictpublications,P ,1,dbo
public,master,sp_MShelpdestowner,P ,1,dbo
public,master,sp_MShelpfulltextindex,P ,1,dbo
public,master,sp_MShelpfulltextscript,P ,1,dbo
public,master,sp_MShelpindex,P ,1,dbo
public,master,sp_MShelpmergearticles,P ,1,dbo
public,master,sp_MShelpmergeconflictcounts,P ,1,dbo
public,master,sp_MShelpmergeconflictpublications,P ,1,dbo
public,master,sp_MShelpmergedynamicsnapshotjob,P ,1,dbo
public,master,sp_MShelpmergeidentity,P ,1,dbo
public,master,sp_MShelpmergeschemaarticles,P ,1,dbo
public,master,sp_MShelpobjectpublications,P ,1,dbo
public,master,sp_MShelptranconflictcounts,P ,1,dbo
public,master,sp_MShelptranconflictpublications,P ,1,dbo
public,master,sp_MShelptype,P ,1,dbo
public,master,sp_MSindexspace,P ,1,dbo
public,master,sp_MSinit_subscription_agent,P ,1,dbo
public,master,sp_MSinitdynamicsubscriber,P ,1,dbo
public,master,sp_MSinsertbeforeimageclause,P ,1,dbo
public,master,sp_MSinsertcontents,P ,1,dbo
public,master,sp_MSinsertdeleteconflict,P ,1,dbo
public,master,sp_MSinserterrorlineage,P ,1,dbo
public,master,sp_MSinsertgenerationschemachanges,P ,1,dbo
public,master,sp_MSinsertgenhistory,P ,1,dbo
public,master,sp_MSinsertschemachange,P ,1,dbo
public,master,sp_MSisnonpkukupdateinconflict,P ,1,dbo
public,master,sp_MSispkupdateinconflict,P ,1,dbo
public,master,sp_MSkilldb,P ,1,dbo
public,master,sp_MSlocalizeinterruptedgenerations,P ,1,dbo
public,master,sp_MSlocktable,P ,1,dbo
public,master,sp_MSloginmappings,P ,1,dbo
public,master,sp_MSmakearticleprocs,P ,1,dbo
public,master,sp_MSmakeconflictinsertproc,P ,1,dbo
public,master,sp_MSmakeconflicttable,P ,1,dbo
public,master,sp_MSmakectsview,P ,1,dbo
public,master,sp_MSmakedynsnapshotvws,P ,1,dbo
public,master,sp_MSmakegeneration,P ,1,dbo
public,master,sp_MSmakeinsertproc,P ,1,dbo
public,master,sp_MSmakeselectproc,P ,1,dbo
public,master,sp_MSmakesystableviews,P ,1,dbo
public,master,sp_MSmaketempinsertproc,P ,1,dbo
public,master,sp_MSmakeupdateproc,P ,1,dbo
public,master,sp_MSmark_proc_norepl,P ,1,dbo
public,master,sp_MSmarkreplinfo,P ,1,dbo
public,master,sp_MSmarkschemaobject,P ,1,dbo
public,master,sp_MSmatchkey,P ,1,dbo
public,master,sp_MSmergesubscribedb,P ,1,dbo
public,master,sp_MSmergeupdatelastsyncinfo,P ,1,dbo
public,master,sp_MSobjectprivs,P ,1,dbo
public,master,sp_MSobjsearch,P ,1,dbo
public,master,sp_MSpost_auto_proc,P ,1,dbo
public,master,sp_MSprep_exclusive,P ,1,dbo
public,master,sp_MSprepare_mergearticle,P ,1,dbo
public,master,sp_MSpreparecleanup,P ,1,dbo
public,master,sp_MSproxiedmetadata,P ,1,dbo
public,master,sp_MSpub_adjust_identity,P ,1,dbo
public,master,sp_MSpublicationcleanup,P ,1,dbo
public,master,sp_MSpublicationview,P ,1,dbo
public,master,sp_MSpurgecontentsorphans,P ,1,dbo
public,master,sp_MSquerysubtype,P ,1,dbo
public,master,sp_MSquiescecheck,P ,1,dbo
public,master,sp_MSquiesceforcleanup,P ,1,dbo
public,master,sp_MSquiescetriggerson,P ,1,dbo
public,master,sp_MSreenable_check,P ,1,dbo
public,master,sp_MSreinit_hub,P ,1,dbo
public,master,sp_MSreinitmergepublication,P ,1,dbo
public,master,sp_MSreleasemakegenerationapplock,P ,1,dbo
public,master,sp_MSreleaseSlotLock,P ,1,dbo
public,master,sp_MSremove_mergereplcommand,P ,1,dbo
public,master,sp_MSremove_userscript,P ,1,dbo
public,master,sp_MSrepl_check_server,P ,1,dbo
public,master,sp_MSrepl_gettype_mappings,P ,1,dbo
public,master,sp_MSrepl_isdbowner,P ,1,dbo
public,master,sp_MSrepl_linkedservers_rowset,P ,1,dbo
public,master,sp_MSrepl_schema,P ,1,dbo
public,master,sp_MSreplcheck_connection,P ,1,dbo
public,master,sp_MSreplcheck_permission,P ,1,dbo
public,master,sp_MSreplcheck_pull,P ,1,dbo
public,master,sp_MSreplcheck_qv,P ,1,dbo
public,master,sp_MSreplcheck_subscribe,P ,1,dbo
public,master,sp_MSreplraiserror,P ,1,dbo
public,master,sp_MSreplupdateschema,P ,1,dbo
public,master,sp_MSreset_attach_state,P ,1,dbo
public,master,sp_MSreset_queue,P ,1,dbo
public,master,sp_MSreset_queued_reinit,P ,1,dbo
public,master,sp_MSreset_synctran_bit,P ,1,dbo
public,master,sp_MSretrieve_publication_attributes,P ,1,dbo
public,master,sp_MSscript_article_view,P ,1,dbo
public,master,sp_MSscript_beginproc,P ,1,dbo
public,master,sp_MSscript_begintrig1,P ,1,dbo
public,master,sp_MSscript_begintrig2,P ,1,dbo
public,master,sp_MSscript_compensating_send,P ,1,dbo
public,master,sp_MSscript_delete_statement,P ,1,dbo
public,master,sp_MSscript_dri,P ,1,dbo
public,master,sp_MSscript_endproc,P ,1,dbo
public,master,sp_MSscript_endtrig,P ,1,dbo
public,master,sp_MSscript_ExecutionMode_stmt,P ,1,dbo
public,master,sp_MSscript_insert_statement,P ,1,dbo
public,master,sp_MSscript_multirow_trigger,P ,1,dbo
public,master,sp_MSscript_params,P ,1,dbo
public,master,sp_MSscript_pkvar_assignment,P ,1,dbo
public,master,sp_MSscript_procbodystart,P ,1,dbo
public,master,sp_MSscript_pub_upd_trig,P ,1,dbo
public,master,sp_MSscript_security,P ,1,dbo
public,master,sp_MSscript_singlerow_trigger,P ,1,dbo
public,master,sp_MSscript_sync_del_proc,P ,1,dbo
public,master,sp_MSscript_sync_del_trig,P ,1,dbo
public,master,sp_MSscript_sync_ins_proc,P ,1,dbo
public,master,sp_MSscript_sync_ins_trig,P ,1,dbo
public,master,sp_MSscript_sync_upd_proc,P ,1,dbo
public,master,sp_MSscript_sync_upd_trig,P ,1,dbo
public,master,sp_MSscript_trigger_assignment,P ,1,dbo
public,master,sp_MSscript_trigger_exec_rpc,P ,1,dbo
public,master,sp_MSscript_trigger_fetch_statement,P ,1,dbo
public,master,sp_MSscript_trigger_update_checks,P ,1,dbo
public,master,sp_MSscript_trigger_updates,P ,1,dbo
public,master,sp_MSscript_trigger_variables,P ,1,dbo
public,master,sp_MSscriptdatabase,P ,1,dbo
public,master,sp_MSscriptdb_worker,P ,1,dbo
public,master,sp_MSscriptmvastable,P ,1,dbo
public,master,sp_MSscriptmvastableidx,P ,1,dbo
public,master,sp_MSscriptmvastablenci,P ,1,dbo
public,master,sp_MSscriptmvastablepkc,P ,1,dbo
public,master,sp_MSscriptviewproc,P ,1,dbo
public,master,sp_MSsendtosqlqueue,P ,1,dbo
public,master,sp_MSset_current_activity,P ,1,dbo
public,master,sp_MSset_sub_guid,P ,1,dbo
public,master,sp_MSset_subscription_properties,P ,1,dbo
public,master,sp_MSsetaccesslist,P ,1,dbo
public,master,sp_MSsetalertinfo,P ,1,dbo
public,master,sp_MSsetartprocs,P ,1,dbo
public,master,sp_MSsetbit,P ,1,dbo
public,master,sp_MSsetconflictscript,P ,1,dbo
public,master,sp_MSsetconflicttable,P ,1,dbo
public,master,sp_MSsetcontext_replagent,P ,1,dbo
public,master,sp_MSsethighestversion,P ,1,dbo
public,master,sp_MSsetlastrecgen,P ,1,dbo
public,master,sp_MSsetlastsentgen,P ,1,dbo
public,master,sp_MSsetreplicainfo,P ,1,dbo
public,master,sp_MSsetreplicastatus,P ,1,dbo
public,master,sp_MSsetrowmetadata,P ,1,dbo
public,master,sp_MSSetServerProperties,P ,1,dbo
public,master,sp_MSsetsubscriberinfo,P ,1,dbo
public,master,sp_MSsettopology,P ,1,dbo
public,master,sp_MSsetupbelongs,P ,1,dbo
public,master,sp_MSsetupbelongs_withoutviewproc,P ,1,dbo
public,master,sp_MSsetupnotbelongs,P ,1,dbo
public,master,sp_MSsetupworktables,P ,1,dbo
public,master,sp_MSSharedFixedDisk,P ,1,dbo
public,master,sp_MSSQLDMO70_version,P ,1,dbo
public,master,sp_MSSQLDMO80_version,P ,1,dbo
public,master,sp_MSSQLOLE_version,P ,1,dbo
public,master,sp_MSSQLOLE65_version,P ,1,dbo
public,master,sp_MSsub_check_identity,P ,1,dbo
public,master,sp_MSsub_set_identity,P ,1,dbo
public,master,sp_MSsubscriptionvalidated,P ,1,dbo
public,master,sp_MStablechecks,P ,1,dbo
public,master,sp_MStablekeys,P ,1,dbo
public,master,sp_MStablerefs,P ,1,dbo
public,master,sp_MStablespace,P ,1,dbo
public,master,sp_MStestbit,P ,1,dbo
public,master,sp_MSuniquename,P ,1,dbo
public,master,sp_MSunmarkifneeded,P ,1,dbo
public,master,sp_MSunmarkreplinfo,P ,1,dbo
public,master,sp_MSunmarkschemaobject,P ,1,dbo
public,master,sp_MSupdate_mqserver_subdb,P ,1,dbo
public,master,sp_MSupdatecontents,P ,1,dbo
public,master,sp_MSupdategenhistory,P ,1,dbo
public,master,sp_MSupdatelastsyncinfo,P ,1,dbo
public,master,sp_MSupdateschemachange,P ,1,dbo
public,master,sp_MSupdatesysmergearticles,P ,1,dbo
public,master,sp_msupg_createcatalogcomputedcols,P ,1,dbo
public,master,sp_msupg_dosystabcatalogupgrades,P ,1,dbo
public,master,sp_msupg_dropcatalogcomputedcols,P ,1,dbo
public,master,sp_msupg_recreatecatalogfaketables,P ,1,dbo
public,master,sp_msupg_recreatesystemviews,P ,1,dbo
public,master,sp_msupg_removesystemcomputedcolumns,P ,1,dbo
public,master,sp_msupg_upgradecatalog,P ,1,dbo
public,master,sp_MSuplineageversion,P ,1,dbo
public,master,sp_MSvalidate_subscription,P ,1,dbo
public,master,sp_MSvalidatearticle,P ,1,dbo
public,master,sp_objectfilegroup,P ,1,dbo
public,master,sp_oledb_column_constraints,P ,1,dbo
public,master,sp_oledb_database,P ,1,dbo
public,master,sp_oledb_defdb,P ,1,dbo
public,master,sp_oledb_deflang,P ,1,dbo
public,master,sp_oledb_indexinfo,P ,1,dbo
public,master,sp_oledb_language,P ,1,dbo
public,master,sp_oledb_ro_usrname,P ,1,dbo
public,master,sp_password,P ,1,dbo
public,master,sp_pkeys,P ,1,dbo
public,master,sp_primary_keys_rowset,P ,1,dbo
public,master,sp_primarykeys,P ,1,dbo
public,master,sp_procedure_params_rowset,P ,1,dbo
public,master,sp_procedures_rowset,P ,1,dbo
public,master,sp_procoption,P ,1,dbo
public,master,sp_prop_oledb_provider,P ,1,dbo
public,master,sp_provider_types_rowset,P ,1,dbo
public,master,sp_publication_validation,P ,1,dbo
public,master,sp_readerrorlog,P ,1,dbo
public,master,sp_readwebtask,P ,1,dbo
public,master,sp_recompile,P ,1,dbo
public,master,sp_refreshsubscriptions,P ,1,dbo
public,master,sp_reinitmergepullsubscription,P ,1,dbo
public,master,sp_reinitmergesubscription,P ,1,dbo
public,master,sp_reinitpullsubscription,P ,1,dbo
public,master,sp_reinitsubscription,P ,1,dbo
public,master,sp_releaseapplock,P ,1,dbo
public,master,sp_remoteoption,P ,1,dbo
public,master,sp_rename,P ,1,dbo
public,master,sp_renamedb,P ,1,dbo
public,master,sp_repldeletequeuedtran,P ,1,dbo
public,master,sp_replica,P ,1,dbo
public,master,sp_replicationoption,P ,1,dbo
public,master,sp_replproberemoteserver,P ,1,dbo
public,master,sp_replrestart,P ,1,dbo
public,master,sp_replsqlqgetrows,P ,1,dbo
public,master,sp_resyncmergesubscription,P ,1,dbo
public,master,sp_revoke_publication_access,P ,1,dbo
public,master,sp_revokedbaccess,P ,1,dbo
public,master,sp_revokelogin,P ,1,dbo
public,master,sp_runwebtask,P ,1,dbo
public,master,sp_schemata_rowset,P ,1,dbo
public,master,sp_script_reconciliation_delproc,P ,1,dbo
public,master,sp_script_reconciliation_insproc,P ,1,dbo
public,master,sp_script_reconciliation_xdelproc,P ,1,dbo
public,master,sp_script_synctran_commands,P ,1,dbo
public,master,sp_scriptdelproc,P ,1,dbo
public,master,sp_scriptdynamicupdproc,P ,1,dbo
public,master,sp_scriptinsproc,P ,1,dbo
public,master,sp_scriptmappedupdproc,P ,1,dbo
public,master,sp_scriptpkwhereclause,P ,1,dbo
public,master,sp_scriptpublicationcustomprocs,P ,1,dbo
public,master,sp_scriptreconwhereclause,P ,1,dbo
public,master,sp_scriptsubconflicttable,P ,1,dbo
public,master,sp_scriptupdateparams,P ,1,dbo
public,master,sp_scriptupdproc,P ,1,dbo
public,master,sp_scriptxdelproc,P ,1,dbo
public,master,sp_scriptxupdproc,P ,1,dbo
public,master,sp_server_info,P ,1,dbo
public,master,sp_serveroption,P ,1,dbo
public,master,sp_setapprole,P ,1,dbo
public,master,sp_setnetname,P ,1,dbo
public,master,sp_setreplfailovermode,P ,1,dbo
public,master,sp_settriggerorder,P ,1,dbo
public,master,sp_showrowreplicainfo,P ,1,dbo
public,master,sp_spaceused,P ,1,dbo
public,master,sp_special_columns,P ,1,dbo
public,master,sp_sproc_columns,P ,1,dbo
public,master,sp_sqlexec,P ,1,dbo
public,master,sp_srvrolepermission,P ,1,dbo
public,master,sp_statistics,P ,1,dbo
public,master,sp_statistics_rowset,P ,1,dbo
public,master,sp_stored_procedures,P ,1,dbo
public,master,sp_subscribe,P ,1,dbo
public,master,sp_table_constraints_rowset,P ,1,dbo
public,master,sp_table_privileges,P ,1,dbo
public,master,sp_table_privileges_ex,P ,1,dbo
public,master,sp_table_privileges_rowset,P ,1,dbo
public,master,sp_table_statistics_rowset,P ,1,dbo
public,master,sp_table_validation,P ,1,dbo
public,master,sp_tablecollations,P ,1,dbo
public,master,sp_tableoption,P ,1,dbo
public,master,sp_tables,P ,1,dbo
public,master,sp_tables_ex,P ,1,dbo
public,master,sp_tables_info_rowset,P ,1,dbo
public,master,sp_tables_rowset,P ,1,dbo
public,master,sp_tableswc,P ,1,dbo
public,master,sp_tempdbspace,P ,1,dbo
public,master,sp_unbindefault,P ,1,dbo
public,master,sp_unbindrule,P ,1,dbo
public,master,sp_unsubscribe,P ,1,dbo
public,master,sp_updateextendedproperty,P ,1,dbo
public,master,sp_updatestats,P ,1,dbo
public,master,sp_user_counter1,P ,1,dbo
public,master,sp_user_counter10,P ,1,dbo
public,master,sp_user_counter2,P ,1,dbo
public,master,sp_user_counter3,P ,1,dbo
public,master,sp_user_counter4,P ,1,dbo
public,master,sp_user_counter5,P ,1,dbo
public,master,sp_user_counter6,P ,1,dbo
public,master,sp_user_counter7,P ,1,dbo
public,master,sp_user_counter8,P ,1,dbo
public,master,sp_user_counter9,P ,1,dbo
public,master,sp_validatelogins,P ,1,dbo
public,master,sp_validatemergepublication,P ,1,dbo
public,master,sp_validatemergepullsubscription,P ,1,dbo
public,master,sp_validatemergesubscription,P ,1,dbo
public,master,sp_validlang,P ,1,dbo
public,master,sp_validname,P ,1,dbo
public,master,sp_verify_publication,P ,1,dbo
public,master,sp_who,P ,1,dbo
public,master,sp_who2,P ,1,dbo
public,master,xp_grantlogin,P ,1,dbo
public,master,xp_revokelogin,P ,1,dbo
public,master,syscharsets,S ,1,dbo
public,master,syscolumns,S ,1,dbo
public,master,syscomments,S ,1,dbo
public,master,sysconfigures,S ,1,dbo
public,master,syscurconfigs,S ,1,dbo
public,master,sysdatabases,S ,1,dbo
public,master,sysdepends,S ,1,dbo
public,master,sysdevices,S ,1,dbo
public,master,sysfilegroups,S ,1,dbo
public,master,sysfiles,S ,1,dbo
public,master,sysforeignkeys,S ,1,dbo
public,master,sysfulltextcatalogs,S ,1,dbo
public,master,sysindexes,S ,1,dbo
public,master,sysindexkeys,S ,1,dbo
public,master,syslanguages,S ,1,dbo
public,master,syslockinfo,S ,1,dbo
public,master,syslocks,S ,1,dbo
public,master,sysmembers,S ,1,dbo
public,master,sysmessages,S ,1,dbo
public,master,sysobjects,S ,1,dbo
public,master,syspermissions,S ,1,dbo
public,master,sysprocesses,S ,1,dbo
public,master,sysprotects,S ,1,dbo
public,master,sysreferences,S ,1,dbo
public,master,sysservers,S ,1,dbo
public,master,systypes,S ,1,dbo
public,master,sysusers,S ,1,dbo
public,master,fn_helpcollations,TF,4,system_function_schema
public,master,fn_listextendedproperty,TF,4,system_function_schema
public,master,fn_MSFullText,TF,1,dbo
public,master,fn_servershareddrives,TF,4,system_function_schema
public,master,fn_virtualfilestats,TF,4,system_function_schema
public,master,fn_virtualservernodes,TF,4,system_function_schema
public,master,spt_datatype_info,U ,1,dbo
public,master,spt_datatype_info_ext,U ,1,dbo
public,master,spt_fallback_db,U ,1,dbo
public,master,spt_fallback_dev,U ,1,dbo
public,master,spt_fallback_usg,U ,1,dbo
public,master,spt_monitor,U ,1,dbo
public,master,spt_provider_types,U ,1,dbo
public,master,spt_server_info,U ,1,dbo
public,master,spt_values,U ,1,dbo
public,master,CHECK_CONSTRAINTS,V ,3,INFORMATION_SCHEMA
public,master,COLUMN_DOMAIN_USAGE,V ,3,INFORMATION_SCHEMA
public,master,COLUMN_PRIVILEGES,V ,3,INFORMATION_SCHEMA
public,master,COLUMNS,V ,3,INFORMATION_SCHEMA
public,master,CONSTRAINT_COLUMN_USAGE,V ,3,INFORMATION_SCHEMA
public,master,CONSTRAINT_TABLE_USAGE,V ,3,INFORMATION_SCHEMA
public,master,DOMAIN_CONSTRAINTS,V ,3,INFORMATION_SCHEMA
public,master,DOMAINS,V ,3,INFORMATION_SCHEMA
public,master,KEY_COLUMN_USAGE,V ,3,INFORMATION_SCHEMA
public,master,PARAMETERS,V ,3,INFORMATION_SCHEMA
public,master,REFERENTIAL_CONSTRAINTS,V ,3,INFORMATION_SCHEMA
public,master,ROUTINE_COLUMNS,V ,3,INFORMATION_SCHEMA
public,master,ROUTINES,V ,3,INFORMATION_SCHEMA
public,master,SCHEMATA,V ,3,INFORMATION_SCHEMA
public,master,sysconstraints,V ,1,dbo
public,master,syslogins,V ,1,dbo
public,master,sysoledbusers,V ,1,dbo
public,master,sysopentapes,V ,1,dbo
public,master,sysremotelogins,V ,1,dbo
public,master,syssegments,V ,1,dbo
public,master,TABLE_CONSTRAINTS,V ,3,INFORMATION_SCHEMA
public,master,TABLE_PRIVILEGES,V ,3,INFORMATION_SCHEMA
public,master,TABLES,V ,3,INFORMATION_SCHEMA
public,master,VIEW_COLUMN_USAGE,V ,3,INFORMATION_SCHEMA
public,master,VIEW_TABLE_USAGE,V ,3,INFORMATION_SCHEMA
public,master,VIEWS,V ,3,INFORMATION_SCHEMA
public,master,sp_bindsession,X ,1,dbo
public,master,sp_createorphan,X ,1,dbo
public,master,sp_cursor,X ,1,dbo
public,master,sp_cursorclose,X ,1,dbo
public,master,sp_cursorexecute,X ,1,dbo
public,master,sp_cursorfetch,X ,1,dbo
public,master,sp_cursoropen,X ,1,dbo
public,master,sp_cursoroption,X ,1,dbo
public,master,sp_cursorprepare,X ,1,dbo
public,master,sp_cursorprepexec,X ,1,dbo
public,master,sp_cursorunprepare,X ,1,dbo
public,master,sp_droporphans,X ,1,dbo
public,master,sp_execute,X ,1,dbo
public,master,sp_executesql,X ,1,dbo
public,master,sp_getbindtoken,X ,1,dbo
public,master,sp_GetMBCSCharLen,X ,1,dbo
public,master,sp_getschemalock,X ,1,dbo
public,master,sp_IsMBCSLeadByte,X ,1,dbo
public,master,sp_MSgetversion,X ,1,dbo
public,master,sp_prepare,X ,1,dbo
public,master,sp_prepexec,X ,1,dbo
public,master,sp_prepexecrpc,X ,1,dbo
public,master,sp_refreshview,X ,1,dbo
public,master,sp_releaseschemalock,X ,1,dbo
public,master,sp_replcmds,X ,1,dbo
public,master,sp_replcounters,X ,1,dbo
public,master,sp_repldone,X ,1,dbo
public,master,sp_replincrementlsn,X ,1,dbo
public,master,sp_replpostschema,X ,1,dbo
public,master,sp_replpostsyncstatus,X ,1,dbo
public,master,sp_replsendtoqueue,X ,1,dbo
public,master,sp_replsetoriginator,X ,1,dbo
public,master,sp_replsetsyncstatus,X ,1,dbo
public,master,sp_repltrans,X ,1,dbo
public,master,sp_replwritetovarbin,X ,1,dbo
public,master,sp_reset_connection,X ,1,dbo
public,master,sp_resyncexecute,X ,1,dbo
public,master,sp_resyncexecutesql,X ,1,dbo
public,master,sp_resyncprepare,X ,1,dbo
public,master,sp_resyncuniquetable,X ,1,dbo
public,master,sp_unprepare,X ,1,dbo
public,master,sp_xml_preparedocument,X ,1,dbo
public,master,sp_xml_removedocument,X ,1,dbo
public,master,xp_dirtree,X ,1,dbo
public,master,xp_enum_activescriptengines,X ,1,dbo
public,master,xp_fileexist,X ,1,dbo
public,master,xp_fixeddrives,X ,1,dbo
public,master,xp_GetAdminGroupName,X ,1,dbo
public,master,xp_getfiledetails,X ,1,dbo
public,master,xp_getnetname,X ,1,dbo
public,master,xp_instance_regread,X ,1,dbo
public,master,xp_IsNTAdmin,X ,1,dbo
public,master,xp_mapdown_bitmap,X ,1,dbo
public,master,xp_mergelineages,X ,1,dbo
public,master,xp_mergexpusage,X ,1,dbo
public,master,xp_MSADEnabled,X ,1,dbo
public,master,xp_MSFullText,X ,1,dbo
public,master,xp_MSLocalSystem,X ,1,dbo
public,master,xp_MSnt2000,X ,1,dbo
public,master,xp_MSplatform,X ,1,dbo
public,master,xp_msver,X ,1,dbo
public,master,xp_ntsec_enumdomains,X ,1,dbo
public,master,xp_ORbitmap,X ,1,dbo
public,master,xp_peekqueue,X ,1,dbo
public,master,xp_proxiedmetadata,X ,1,dbo
public,master,xp_qv,X ,1,dbo
public,master,xp_regread,X ,1,dbo
public,master,xp_showcolv,X ,1,dbo
public,master,xp_showlineage,X ,1,dbo
public,master,xp_sprintf,X ,1,dbo
public,master,xp_sscanf,X ,1,dbo
public,master,xp_unc_to_drive,X ,1,dbo
public,master,xp_varbintohexstr,X ,1,dbo
public,model,syscolumns,S ,1,dbo
public,model,syscomments,S ,1,dbo
public,model,sysdepends,S ,1,dbo
public,model,sysfilegroups,S ,1,dbo
public,model,sysfiles,S ,1,dbo
public,model,sysforeignkeys,S ,1,dbo
public,model,sysfulltextcatalogs,S ,1,dbo
public,model,sysindexes,S ,1,dbo
public,model,sysindexkeys,S ,1,dbo
public,model,sysmembers,S ,1,dbo
public,model,sysobjects,S ,1,dbo
public,model,syspermissions,S ,1,dbo
public,model,sysprotects,S ,1,dbo
public,model,sysreferences,S ,1,dbo
public,model,systypes,S ,1,dbo
public,model,sysusers,S ,1,dbo
public,model,sysconstraints,V ,1,dbo
public,model,syssegments,V ,1,dbo
public,msdb,r_iRTblClassDefs,P ,1,dbo
public,msdb,r_iRTblDBMProps,P ,1,dbo
public,msdb,r_iRTblDBXProps,P ,1,dbo
public,msdb,r_iRTblDTMProps,P ,1,dbo
public,msdb,r_iRTblDTSProps,P ,1,dbo
public,msdb,r_iRTblEnumerationDef,P ,1,dbo
public,msdb,r_iRTblEnumerationValueDef,P ,1,dbo
public,msdb,r_iRTblEQMProps,P ,1,dbo
public,msdb,r_iRTblGENProps,P ,1,dbo
public,msdb,r_iRTblIfaceDefs,P ,1,dbo
public,msdb,r_iRTblIfaceMem,P ,1,dbo
public,msdb,r_iRTblMDSProps,P ,1,dbo
public,msdb,r_iRTblNamedObj,P ,1,dbo
public,msdb,r_iRTblOLPProps,P ,1,dbo
public,msdb,r_iRTblParameterDef,P ,1,dbo
public,msdb,r_iRTblPropDefs,P ,1,dbo
public,msdb,r_iRTblProps,P ,1,dbo
public,msdb,r_iRTblRelColDefs,P ,1,dbo
public,msdb,r_iRTblRelshipDefs,P ,1,dbo
public,msdb,r_iRTblRelshipProps,P ,1,dbo
public,msdb,r_iRTblRelships,P ,1,dbo
public,msdb,r_iRTblScriptDefs,P ,1,dbo
public,msdb,r_iRTblSIMProps,P ,1,dbo
public,msdb,r_iRTblSites,P ,1,dbo
public,msdb,r_iRTblSumInfo,P ,1,dbo
public,msdb,r_iRTblTFMProps,P ,1,dbo
public,msdb,r_iRTblTypeInfo,P ,1,dbo
public,msdb,r_iRTblTypeLibs,P ,1,dbo
public,msdb,r_iRTblUMLProps,P ,1,dbo
public,msdb,r_iRTblUMXProps,P ,1,dbo
public,msdb,r_iRTblVersionAdminInfo,P ,1,dbo
public,msdb,r_iRTblVersions,P ,1,dbo
public,msdb,r_iRTblWorkspaceItems,P ,1,dbo
public,msdb,sp_add_dtspackage,P ,1,dbo
public,msdb,sp_add_job,P ,1,dbo
public,msdb,sp_add_jobschedule,P ,1,dbo
public,msdb,sp_add_jobserver,P ,1,dbo
public,msdb,sp_add_jobstep,P ,1,dbo
public,msdb,sp_addtask,P ,1,dbo
public,msdb,sp_check_for_owned_jobs,P ,1,dbo
public,msdb,sp_check_for_owned_jobsteps,P ,1,dbo
public,msdb,sp_delete_job,P ,1,dbo
public,msdb,sp_delete_jobschedule,P ,1,dbo
public,msdb,sp_delete_jobserver,P ,1,dbo
public,msdb,sp_delete_jobstep,P ,1,dbo
public,msdb,sp_drop_dtspackage,P ,1,dbo
public,msdb,sp_droptask,P ,1,dbo
public,msdb,sp_dump_dtslog_all,P ,1,dbo
public,msdb,sp_dump_dtspackagelog,P ,1,dbo
public,msdb,sp_dump_dtssteplog,P ,1,dbo
public,msdb,sp_dump_dtstasklog,P ,1,dbo
public,msdb,sp_enum_dtspackagelog,P ,1,dbo
public,msdb,sp_enum_dtspackages,P ,1,dbo
public,msdb,sp_enum_dtssteplog,P ,1,dbo
public,msdb,sp_enum_dtstasklog,P ,1,dbo
public,msdb,sp_enum_sqlagent_subsystems,P ,1,dbo
public,msdb,sp_get_dtspackage,P ,1,dbo
public,msdb,sp_get_dtsversion,P ,1,dbo
public,msdb,sp_get_job_alerts,P ,1,dbo
public,msdb,sp_get_jobstep_db_username,P ,1,dbo
public,msdb,sp_get_log_shipping_monitor_info,P ,1,dbo
public,msdb,sp_get_sqlagent_properties,P ,1,dbo
public,msdb,sp_help_category,P ,1,dbo
public,msdb,sp_help_job,P ,1,dbo
public,msdb,sp_help_jobhistory,P ,1,dbo
public,msdb,sp_help_jobschedule,P ,1,dbo
public,msdb,sp_help_jobserver,P ,1,dbo
public,msdb,sp_help_jobstep,P ,1,dbo
public,msdb,sp_helphistory,P ,1,dbo
public,msdb,sp_helptask,P ,1,dbo
public,msdb,sp_log_dtspackage_begin,P ,1,dbo
public,msdb,sp_log_dtspackage_end,P ,1,dbo
public,msdb,sp_log_dtsstep_begin,P ,1,dbo
public,msdb,sp_log_dtsstep_end,P ,1,dbo
public,msdb,sp_log_dtstask,P ,1,dbo
public,msdb,sp_make_dtspackagename,P ,1,dbo
public,msdb,sp_post_msx_operation,P ,1,dbo
public,msdb,sp_purge_jobhistory,P ,1,dbo
public,msdb,sp_purgehistory,P ,1,dbo
public,msdb,sp_reassign_dtspackageowner,P ,1,dbo
public,msdb,sp_reassigntask,P ,1,dbo
public,msdb,sp_start_job,P ,1,dbo
public,msdb,sp_stop_job,P ,1,dbo
public,msdb,sp_uniquetaskname,P ,1,dbo
public,msdb,sp_update_job,P ,1,dbo
public,msdb,sp_update_jobschedule,P ,1,dbo
public,msdb,sp_update_jobstep,P ,1,dbo
public,msdb,sp_updatetask,P ,1,dbo
public,msdb,sp_verifytaskid,P ,1,dbo
public,msdb,syscolumns,S ,1,dbo
public,msdb,syscomments,S ,1,dbo
public,msdb,sysdepends,S ,1,dbo
public,msdb,sysfilegroups,S ,1,dbo
public,msdb,sysfiles,S ,1,dbo
public,msdb,sysforeignkeys,S ,1,dbo
public,msdb,sysfulltextcatalogs,S ,1,dbo
public,msdb,sysindexes,S ,1,dbo
public,msdb,sysindexkeys,S ,1,dbo
public,msdb,sysmembers,S ,1,dbo
public,msdb,sysobjects,S ,1,dbo
public,msdb,syspermissions,S ,1,dbo
public,msdb,sysprotects,S ,1,dbo
public,msdb,sysreferences,S ,1,dbo
public,msdb,systypes,S ,1,dbo
public,msdb,sysusers,S ,1,dbo
public,msdb,backupfile,U ,1,dbo
public,msdb,backupmediafamily,U ,1,dbo
public,msdb,backupmediaset,U ,1,dbo
public,msdb,backupset,U ,1,dbo
public,msdb,logmarkhistory,U ,1,dbo
public,msdb,mswebtasks,U ,1,dbo
public,msdb,restorefile,U ,1,dbo
public,msdb,restorefilegroup,U ,1,dbo
public,msdb,restorehistory,U ,1,dbo
public,msdb,RTblClassDefs,U ,1,dbo
public,msdb,RTblDatabaseVersion,U ,1,dbo
public,msdb,RTblDBMProps,U ,1,dbo
public,msdb,RTblDBXProps,U ,1,dbo
public,msdb,RTblDTMProps,U ,1,dbo
public,msdb,RTblDTSProps,U ,1,dbo
public,msdb,RTblEnumerationDef,U ,1,dbo
public,msdb,RTblEnumerationValueDef,U ,1,dbo
public,msdb,RTblEQMProps,U ,1,dbo
public,msdb,RTblGENProps,U ,1,dbo
public,msdb,RTblIfaceDefs,U ,1,dbo
public,msdb,RTblIfaceHier,U ,1,dbo
public,msdb,RTblIfaceMem,U ,1,dbo
public,msdb,RTblMDSProps,U ,1,dbo
public,msdb,RTblNamedObj,U ,1,dbo
public,msdb,RTblOLPProps,U ,1,dbo
public,msdb,RTblParameterDef,U ,1,dbo
public,msdb,RTblPropDefs,U ,1,dbo
public,msdb,RTblProps,U ,1,dbo
public,msdb,RTblRelColDefs,U ,1,dbo
public,msdb,RTblRelshipDefs,U ,1,dbo
public,msdb,RTblRelshipProps,U ,1,dbo
public,msdb,RTblRelships,U ,1,dbo
public,msdb,RTblScriptDefs,U ,1,dbo
public,msdb,RTblSIMProps,U ,1,dbo
public,msdb,RTblSites,U ,1,dbo
public,msdb,RTblSumInfo,U ,1,dbo
public,msdb,RTblTFMProps,U ,1,dbo
public,msdb,RTblTypeInfo,U ,1,dbo
public,msdb,RTblTypeLibs,U ,1,dbo
public,msdb,RTblUMLProps,U ,1,dbo
public,msdb,RTblUMXProps,U ,1,dbo
public,msdb,RTblVersionAdminInfo,U ,1,dbo
public,msdb,RTblVersions,U ,1,dbo
public,msdb,RTblWorkspaceItems,U ,1,dbo
public,msdb,syscategories,U ,1,dbo
public,msdb,sysconstraints,V ,1,dbo
public,msdb,sysjobs_view,V ,1,dbo
public,msdb,syssegments,V ,1,dbo
public,msdb,systasks_view,V ,1,dbo
public,tempdb,syscolumns,S ,1,dbo
public,tempdb,syscomments,S ,1,dbo
public,tempdb,sysdepends,S ,1,dbo
public,tempdb,sysfilegroups,S ,1,dbo
public,tempdb,sysfiles,S ,1,dbo
public,tempdb,sysforeignkeys,S ,1,dbo
public,tempdb,sysfulltextcatalogs,S ,1,dbo
public,tempdb,sysindexes,S ,1,dbo
public,tempdb,sysindexkeys,S ,1,dbo
public,tempdb,sysmembers,S ,1,dbo
public,tempdb,sysobjects,S ,1,dbo
public,tempdb,syspermissions,S ,1,dbo
public,tempdb,sysprotects,S ,1,dbo
public,tempdb,sysreferences,S ,1,dbo
public,tempdb,systypes,S ,1,dbo
public,tempdb,sysusers,S ,1,dbo
public,tempdb,sysconstraints,V ,1,dbo
public,tempdb,syssegments,V ,1,dbo
TargetServersRole,msdb,sp_downloaded_row_limiter,P ,1,dbo
TargetServersRole,msdb,sp_help_jobschedule,P ,1,dbo
TargetServersRole,msdb,sp_help_jobstep,P ,1,dbo
TargetServersRole,msdb,sp_sqlagent_check_msx_version,P ,1,dbo
TargetServersRole,msdb,sp_sqlagent_probe_msx,P ,1,dbo
TargetServersRole,msdb,sp_sqlagent_refresh_job,P ,1,dbo
TargetServersRole,msdb,sysdownloadlist,U ,1,dbo
TargetServersRole,msdb,sysjobs,U ,1,dbo
TargetServersRole,msdb,sysjobservers,U ,1,dbo
TargetServersRole,msdb,systargetservers,U ,1,dbo
webuser,Awards,AddCheckPayment,P ,1,dbo
webuser,Awards,AddCreditPayment,P ,1,dbo
webuser,Awards,AddNewCompany,P ,1,dbo
webuser,Awards,AddNewProduct,P ,1,dbo
webuser,Awards,AddNewUser,P ,1,dbo
webuser,Awards,CheckPassword,P ,1,dbo
webuser,Awards,DeleteProduct,P ,1,dbo
webuser,Awards,GetAllUserCompanies,P ,1,dbo
webuser,Awards,GetCompanyAndPaymentInfo,P ,1,dbo
webuser,Awards,GetCompanyId,P ,1,dbo
webuser,Awards,GetCompanyList,P ,1,dbo
webuser,Awards,GetCompanyName,P ,1,dbo
webuser,Awards,GetCreditCardBrands,P ,1,dbo
webuser,Awards,GetNumCompaniesRegistered,P ,1,dbo
webuser,Awards,GetNumEntriesSubmitted,P ,1,dbo
webuser,Awards,GetProductInfo,P ,1,dbo
webuser,Awards,GetProductList,P ,1,dbo
webuser,Awards,GetStates,P ,1,dbo
webuser,Awards,GetUserEmail,P ,1,dbo
webuser,Awards,GetUserInfo,P ,1,dbo
webuser,Awards,GetUserLostPassword,P ,1,dbo
webuser,Awards,IsEmailTaken,P ,1,dbo
webuser,Awards,IsUserCompany,P ,1,dbo
webuser,Awards,IsUserIdTaken,P ,1,dbo
webuser,Awards,IsUserProduct,P ,1,dbo
webuser,Awards,UpdateCompany,P ,1,dbo
webuser,Awards,UpdatePassword,P ,1,dbo
webuser,Awards,UpdatePaymentAsCheck,P ,1,dbo
webuser,Awards,UpdatePaymentAsCredit,P ,1,dbo
webuser,Awards,UpdateProduct,P ,1,dbo
webuser,Awards,UpdateUserInfo,P ,1,dbo
